"Symbol","Series","Date","Prev Close","Open Price","High Price","Low Price","Last Price","Close Price","Average Price","Total Traded Quantity","Turnover","No. of Trades","Deliverable Qty","% Dly Qt to Traded Qty"
"INFY","EQ","03-Jan-2022","       1887.75","       1887.75","       1914.05","       1887.75","       1899.00","       1898.45","       1904.82","    3329616","          6342326137.50","     128107","    1973673","         59.28"
"INFY","EQ","04-Jan-2022","       1898.45","       1898.45","       1906.65","       1878.00","       1901.00","       1899.15","       1888.87","    3921999","          7408140297.05","     120603","    2372696","         60.50"
"INFY","EQ","05-Jan-2022","       1899.15","       1900.00","       1902.90","       1840.00","       1848.00","       1844.65","       1857.54","    6995719","         12994844600.20","     289755","    4414732","         63.11"
"INFY","EQ","06-Jan-2022","       1844.65","       1828.00","       1828.00","       1800.00","       1820.50","       1817.80","       1812.08","    6449205","         11686479371.10","     232721","    3508211","         54.40"
"INFY","EQ","07-Jan-2022","       1817.80","       1815.45","       1836.00","       1806.80","       1816.00","       1814.30","       1818.56","    4834389","          8791606623.05","     148117","    2754254","         56.97"
"INFY","EQ","10-Jan-2022","       1814.30","       1815.00","       1869.90","       1813.00","       1852.10","       1850.75","       1852.30","    7857560","         14554564594.35","     227924","    4191623","         53.35"
"INFY","EQ","11-Jan-2022","       1850.75","       1855.00","       1870.00","       1850.15","       1860.00","       1855.60","       1860.06","    5142287","          9564958557.25","     189308","    3368155","         65.50"
"INFY","EQ","12-Jan-2022","       1855.60","       1868.90","       1889.00","       1860.00","       1875.80","       1877.45","       1874.25","    5362535","         10050718588.00","     195948","    2936017","         54.75"
"INFY","EQ","13-Jan-2022","       1877.45","       1905.00","       1912.50","       1866.35","       1895.30","       1896.80","       1894.19","   14277630","         27044612998.40","     390078","    7175021","         50.25"
"INFY","EQ","14-Jan-2022","       1896.80","       1882.00","       1933.00","       1881.00","       1925.00","       1929.35","       1912.85","    7688506","         14706988627.30","     225842","    4088757","         53.18"
"INFY","EQ","17-Jan-2022","       1929.35","       1938.55","       1953.90","       1930.50","       1938.60","       1939.50","       1941.46","    5262464","         10216874399.25","     177946","    3092026","         58.76"
"INFY","EQ","18-Jan-2022","       1939.50","       1922.10","       1945.00","       1911.45","       1918.00","       1920.75","       1924.08","    3690315","          7100450832.40","     209492","    2370177","         64.23"
"INFY","EQ","19-Jan-2022","       1920.75","       1916.00","       1916.00","       1862.85","       1865.00","       1867.05","       1880.01","    5747770","         10805850965.55","     177957","    3909158","         68.01"
"INFY","EQ","20-Jan-2022","       1867.05","       1844.00","       1848.00","       1815.50","       1825.20","       1823.70","       1827.81","    5533463","         10114140157.35","     267078","    3214748","         58.10"
"INFY","EQ","21-Jan-2022","       1823.70","       1795.00","       1808.00","       1776.00","       1788.00","       1785.70","       1789.19","    8252758","         14765723986.90","     363701","    5524065","         66.94"
"INFY","EQ","24-Jan-2022","       1785.70","       1765.00","       1768.65","       1728.00","       1734.00","       1736.80","       1744.48","    7116712","         12414981412.50","     261123","    5168004","         68.09"
"INFY","EQ","25-Jan-2022","       1736.80","       1726.60","       1740.00","       1700.50","       1721.95","       1722.15","       1719.33","    9137653","         15710645707.40","     370958","    6214482","         68.01"
"INFY","EQ","27-Jan-2022","       1722.15","       1702.00","       1709.70","       1665.00","       1686.95","       1678.60","       1681.31","   11231734","         18884048987.00","     495160","    7723452","         68.76"
"INFY","EQ","28-Jan-2022","       1678.60","       1681.00","       1727.55","       1679.50","       1685.80","       1686.20","       1701.31","   10998502","         18711813888.65","     336935","    7661273","         69.66"
"INFY","EQ","31-Jan-2022","       1686.20","       1718.00","       1749.50","       1715.35","       1737.85","       1736.20","       1736.84","    8788872","         15264864508.80","     313682","    5882867","         66.94"
"INFY","EQ","01-Feb-2022","       1736.20","       1766.10","       1780.00","       1734.70","       1773.00","       1772.05","       1766.97","    5119935","          9046788138.40","     186159","    2894768","         56.54"
"INFY","EQ","02-Feb-2022","       1772.05","       1789.00","       1792.80","       1772.00","       1787.65","       1787.10","       1785.72","    4253717","          7595951820.00","     146941","    2786527","         65.51"
"INFY","EQ","03-Feb-2022","       1787.10","       1779.00","       1779.00","       1734.00","       1736.30","       1738.55","       1755.15","    3832922","          6727366646.30","     183506","    2209861","         57.65"
"INFY","EQ","04-Feb-2022","       1738.55","       1732.00","       1753.95","       1710.15","       1740.00","       1741.10","       1736.20","    4700077","          8160294996.20","     193857","    2276923","         48.44"
"INFY","EQ","07-Feb-2022","       1741.10","       1722.20","       1732.00","       1695.40","       1713.00","       1715.00","       1714.37","    4310209","          7389275044.25","     254813","    2500420","         58.01"
"INFY","EQ","08-Feb-2022","       1715.00","       1710.00","       1725.00","       1696.00","       1708.60","       1717.30","       1712.06","    6053401","         10363805939.55","     222044","    4052016","         66.94"
"INFY","EQ","09-Feb-2022","       1717.30","       1735.00","       1743.00","       1725.00","       1739.00","       1737.30","       1736.09","    3867244","          6713900255.40","     178730","    2358994","         61.00"
"INFY","EQ","10-Feb-2022","       1737.30","       1755.65","       1773.90","       1748.75","       1771.60","       1769.60","       1760.55","    4334630","          7631331627.45","     206904","    2830975","         65.31"
"INFY","EQ","11-Feb-2022","       1769.60","       1740.00","       1745.95","       1713.00","       1719.65","       1721.35","       1720.68","    7551371","         12993527942.15","     430200","    5283038","         69.96"
"INFY","EQ","14-Feb-2022","       1721.35","       1690.00","       1718.55","       1678.25","       1684.00","       1682.20","       1698.58","    7459637","         12670785135.65","     280769","    5340084","         71.59"
"INFY","EQ","15-Feb-2022","       1682.20","       1699.00","       1746.75","       1690.45","       1742.30","       1738.25","       1721.75","    4669915","          8040412171.15","     188794","    2821157","         60.41"
"INFY","EQ","16-Feb-2022","       1738.25","       1738.25","       1755.45","       1726.85","       1731.50","       1733.30","       1740.74","    5350642","          9314065942.90","     162198","    3844416","         71.85"
"INFY","EQ","17-Feb-2022","       1733.30","       1744.00","       1749.00","       1720.30","       1723.70","       1724.80","       1731.45","    3937950","          6818374503.70","     110732","    2479087","         62.95"
"INFY","EQ","18-Feb-2022","       1724.80","       1710.00","       1722.50","       1703.50","       1705.95","       1706.95","       1711.87","    5602215","          9590289595.60","     159019","    4009595","         71.57"
"INFY","EQ","21-Feb-2022","       1706.95","       1701.00","       1737.30","       1691.50","       1729.50","       1730.70","       1718.04","    5120890","          8797869134.30","     205567","    3280628","         64.06"
"INFY","EQ","22-Feb-2022","       1730.70","       1699.90","       1751.00","       1691.05","       1733.00","       1734.35","       1721.17","    8878515","         15281431404.90","     227885","    6148656","         69.25"
"INFY","EQ","23-Feb-2022","       1734.35","       1750.00","       1758.25","       1733.40","       1742.80","       1742.85","       1742.56","    5478811","          9547154732.20","     191067","    3712420","         67.76"
"INFY","EQ","24-Feb-2022","       1742.85","       1690.10","       1714.95","       1670.50","       1674.80","       1678.15","       1689.92","   13592379","         22970021733.65","     376409","    9349789","         68.79"
"INFY","EQ","25-Feb-2022","       1678.15","       1715.00","       1728.15","       1677.00","       1696.00","       1694.60","       1698.96","    9737281","         16543242534.40","     305050","    5913267","         60.73"
"INFY","EQ","28-Feb-2022","       1694.60","       1682.20","       1728.05","       1665.00","       1719.00","       1715.60","       1709.44","   15076542","         25772414334.90","     330427","    8905012","         59.07"
"INFY","EQ","02-Mar-2022","       1715.60","       1710.00","       1714.40","       1691.00","       1702.55","       1702.80","       1703.13","    6771489","         11532701358.80","     301403","    4673594","         69.02"
"INFY","EQ","03-Mar-2022","       1702.80","       1720.20","       1733.90","       1705.55","       1721.75","       1720.85","       1722.78","    7344147","         12652331996.15","     262571","    4775991","         65.03"
"INFY","EQ","04-Mar-2022","       1720.85","       1695.25","       1736.00","       1681.00","       1721.90","       1723.30","       1714.49","    9074499","         15558102517.75","     317226","    5315522","         58.58"
"INFY","EQ","07-Mar-2022","       1723.30","       1697.00","       1751.00","       1696.00","       1740.00","       1739.85","       1734.13","    9742588","         16894926797.50","     317768","    6671605","         68.48"
"INFY","EQ","08-Mar-2022","       1739.85","       1718.45","       1800.00","       1718.45","       1775.20","       1778.20","       1771.93","   10984500","         19463755936.50","     320286","    6670845","         60.73"
"INFY","EQ","09-Mar-2022","       1778.20","       1791.00","       1831.60","       1791.00","       1817.80","       1813.35","       1818.64","   10193515","         18538320340.55","     290276","    4998155","         49.03"
"INFY","EQ","10-Mar-2022","       1813.35","       1844.75","       1844.75","       1810.20","       1822.10","       1825.90","       1823.68","    6547182","         11939977607.05","     195637","    4239162","         64.75"
"INFY","EQ","11-Mar-2022","       1825.90","       1814.00","       1831.40","       1811.00","       1823.30","       1822.00","       1822.73","    4758657","          8673758339.50","     148439","    3194954","         67.14"
"INFY","EQ","14-Mar-2022","       1822.00","       1831.55","       1895.00","       1831.55","       1891.00","       1890.70","       1872.10","   10289724","         19263377771.20","     271878","    6666093","         64.78"
"INFY","EQ","15-Mar-2022","       1890.70","       1888.35","       1888.35","       1830.00","       1838.00","       1839.30","       1852.89","    7140443","         13230484534.10","     224849","    4846167","         67.87"
"INFY","EQ","16-Mar-2022","       1839.30","       1865.00","       1893.95","       1849.00","       1889.00","       1889.40","       1874.83","    5233979","          9812820161.45","     154465","    3133488","         59.87"
"INFY","EQ","17-Mar-2022","       1889.40","       1923.30","       1923.30","       1833.05","       1869.60","       1854.60","       1869.74","   17731459","         33153300056.80","     251465","   10858451","         61.24"
"INFY","EQ","21-Mar-2022","       1854.60","       1861.00","       1886.90","       1841.10","       1854.95","       1853.05","       1858.70","    8362085","         15542599265.70","     171756","    5524788","         66.07"
"INFY","EQ","22-Mar-2022","       1853.05","       1850.00","       1890.00","       1839.00","       1887.00","       1887.40","       1873.62","    5709382","         10697206780.60","     202175","    3561539","         62.38"
"INFY","EQ","23-Mar-2022","       1887.40","       1897.00","       1900.00","       1857.00","       1869.45","       1872.40","       1878.22","    6192824","         11631503049.55","     161491","    3993516","         64.49"
"INFY","EQ","24-Mar-2022","       1872.40","       1856.15","       1894.60","       1856.15","       1881.85","       1886.70","       1883.95","    3784303","          7129425933.50","     114815","    2362068","         62.42"
"INFY","EQ","25-Mar-2022","       1886.70","       1892.00","       1894.00","       1858.00","       1878.00","       1876.55","       1874.13","    3438588","          6444362804.25","     130194","    1983079","         57.67"
"INFY","EQ","28-Mar-2022","       1876.55","       1866.00","       1880.90","       1852.65","       1870.65","       1873.90","       1867.81","    4008555","          7487212706.70","     131939","    2332195","         58.18"
"INFY","EQ","29-Mar-2022","       1873.90","       1873.90","       1889.40","       1860.55","       1887.90","       1886.00","       1875.61","    3917785","          7348234593.90","     115629","    2407715","         61.46"
"INFY","EQ","30-Mar-2022","       1886.00","       1910.00","       1919.00","       1895.00","       1899.75","       1903.95","       1906.67","    7795839","         14864126250.15","     178770","    5920998","         75.95"
"INFY","EQ","31-Mar-2022","       1903.95","       1900.00","       1913.00","       1894.20","       1908.20","       1906.85","       1904.15","    5399145","         10280780471.25","     131746","    3591226","         66.51"
"INFY","EQ","01-Apr-2022","       1906.85","       1886.85","       1910.30","       1878.30","       1906.80","       1903.55","       1894.62","    6171518","         11692698941.50","     154230","    4430437","         71.79"
"INFY","EQ","04-Apr-2022","       1903.55","       1889.75","       1893.00","       1873.00","       1882.00","       1882.95","       1884.52","    7364074","         13877776218.40","     287232","    4941200","         67.10"
"INFY","EQ","05-Apr-2022","       1882.95","       1883.80","       1889.60","       1857.15","       1860.50","       1861.10","       1871.26","    5472024","         10239606829.25","     203468","    3352920","         61.27"
"INFY","EQ","06-Apr-2022","       1861.10","       1855.00","       1857.50","       1822.15","       1830.00","       1828.85","       1835.98","    5407453","          9927969801.40","     208906","    3476927","         64.30"
"INFY","EQ","07-Apr-2022","       1828.85","       1821.05","       1828.15","       1807.55","       1816.00","       1811.00","       1816.28","    5797544","         10529983626.05","     236348","    4092499","         70.59"
"INFY","EQ","08-Apr-2022","       1811.00","       1823.00","       1838.00","       1808.00","       1820.05","       1814.60","       1821.62","    5131446","          9347538868.70","     171076","    3156419","         61.51"
"INFY","EQ","11-Apr-2022","       1814.60","       1814.00","       1814.00","       1762.55","       1769.80","       1766.55","       1775.12","    8248407","         14641918534.85","     374415","    4839162","         58.67"
"INFY","EQ","12-Apr-2022","       1766.55","       1757.50","       1757.50","       1727.75","       1737.90","       1742.45","       1741.39","    6456184","         11242708991.75","     268976","    3981647","         61.67"
"INFY","EQ","13-Apr-2022","       1742.45","       1754.95","       1757.50","       1732.00","       1751.00","       1748.55","       1747.21","    6257693","         10933526247.95","     223033","    3469663","         55.45"
"INFY","EQ","18-Apr-2022","       1748.55","       1605.50","       1650.00","       1590.00","       1622.30","       1621.40","       1625.94","   30523965","         49630097106.35","    1443330","   18430699","         60.38"
"INFY","EQ","19-Apr-2022","       1621.40","       1636.65","       1636.65","       1550.00","       1565.00","       1562.00","       1589.69","   17044923","         27096225126.20","     763964","   10801702","         63.37"
"INFY","EQ","20-Apr-2022","       1562.00","       1575.00","       1596.30","       1563.00","       1592.20","       1587.70","       1583.99","   10678747","         16915009921.65","     391296","    7239099","         67.79"
"INFY","EQ","21-Apr-2022","       1587.70","       1595.00","       1627.20","       1589.25","       1616.80","       1618.80","       1615.82","    7766514","         12549264894.20","     256268","    5245595","         67.54"
"INFY","EQ","22-Apr-2022","       1618.80","       1604.35","       1610.70","       1582.40","       1587.65","       1585.45","       1596.27","    8134245","         12984469892.15","     418900","    5623477","         69.13"
"INFY","EQ","25-Apr-2022","       1585.45","       1572.80","       1572.80","       1554.10","       1564.90","       1561.10","       1561.35","    7000570","         10930323719.85","     394157","    5207166","         74.38"
"INFY","EQ","26-Apr-2022","       1561.10","       1577.20","       1592.00","       1566.55","       1576.00","       1581.00","       1582.67","    5345435","          8460056311.05","     181573","    3676891","         68.79"
"INFY","EQ","27-Apr-2022","       1581.00","       1572.75","       1572.75","       1550.35","       1556.35","       1552.80","       1557.11","    8819356","         13732718003.55","     296887","    6772146","         76.79"
"INFY","EQ","28-Apr-2022","       1552.80","       1570.00","       1601.80","       1557.45","       1581.00","       1582.60","       1581.64","    9245177","         14622527486.50","     234468","    6541922","         70.76"
"INFY","EQ","29-Apr-2022","       1582.60","       1590.00","       1597.30","       1560.80","       1568.00","       1567.55","       1576.89","    9831395","         15502990987.65","     263325","    6913315","         70.32"
"INFY","EQ","02-May-2022","       1567.55","       1550.90","       1552.75","       1531.00","       1544.95","       1541.00","       1538.24","    7072627","         10879371919.35","     301415","    5072832","         71.72"
"INFY","EQ","04-May-2022","       1541.00","       1547.25","       1570.00","       1530.15","       1536.70","       1535.55","       1548.21","    6220959","          9631379024.50","     234262","    3885290","         62.45"
"INFY","EQ","05-May-2022","       1535.55","       1560.05","       1589.40","       1557.45","       1586.00","       1585.15","       1581.05","    6144870","          9715361525.55","     217185","    3912363","         63.67"
"INFY","EQ","06-May-2022","       1585.15","       1550.00","       1561.85","       1535.05","       1545.00","       1542.85","       1543.57","    6171472","          9526090604.90","     257203","    3919307","         63.51"
"INFY","EQ","09-May-2022","       1542.85","       1540.00","       1586.80","       1522.15","       1573.15","       1570.35","       1565.89","    6832202","         10698465306.75","     265549","    3673248","         53.76"
"INFY","EQ","10-May-2022","       1570.35","       1558.00","       1569.15","       1546.05","       1551.00","       1553.00","       1558.97","    6212545","          9685176738.30","     214384","    4390025","         70.66"
"INFY","EQ","11-May-2022","       1553.00","       1549.95","       1549.95","       1511.60","       1531.00","       1526.75","       1525.18","    7846080","         11966677214.05","     291699","    5249131","         66.90"
"INFY","EQ","12-May-2022","       1526.75","       1514.00","       1527.50","       1504.30","       1509.70","       1508.80","       1514.29","    7034979","         10653003624.85","     242670","    4816162","         68.46"
"INFY","EQ","13-May-2022","       1508.80","       1519.30","       1529.25","       1498.10","       1501.90","       1504.40","       1516.02","    6723761","         10193367339.60","     203286","    4266241","         63.45"
"INFY","EQ","16-May-2022","       1504.40","       1510.00","       1511.85","       1478.65","       1492.90","       1489.10","       1491.82","    6145331","          9167743366.55","     253982","    3963067","         64.49"
"INFY","EQ","17-May-2022","       1489.10","       1494.90","       1525.00","       1480.90","       1521.00","       1518.45","       1508.46","    6516378","          9829715300.65","     228982","    4345825","         66.69"
"INFY","EQ","18-May-2022","       1518.45","       1522.00","       1549.70","       1505.30","       1514.55","       1509.20","       1525.79","    6594126","         10061219715.75","     200417","    4062967","         61.61"
"INFY","EQ","19-May-2022","       1509.20","       1481.00","       1484.70","       1417.65","       1431.00","       1427.15","       1437.53","   16561140","         23807174900.00","     659166","   11827263","         71.42"
"INFY","EQ","20-May-2022","       1427.15","       1453.00","       1466.75","       1446.70","       1459.00","       1455.15","       1456.73","   10488908","         15279529309.85","     266730","    7870656","         75.04"
"INFY","EQ","23-May-2022","       1455.15","       1455.10","       1488.00","       1450.05","       1469.55","       1468.40","       1474.06","    5887569","          8678630195.35","     194715","    3777004","         64.15"
"INFY","EQ","24-May-2022","       1468.40","       1468.60","       1469.55","       1435.25","       1444.00","       1441.00","       1446.72","    5693167","          8236426021.40","     176635","    3670932","         64.48"
"INFY","EQ","25-May-2022","       1441.00","       1435.00","       1442.50","       1399.25","       1418.00","       1410.45","       1418.99","    9630092","         13664990144.70","     262121","    6532130","         67.83"
"INFY","EQ","26-May-2022","       1410.45","       1418.00","       1430.00","       1407.05","       1427.95","       1423.95","       1419.06","   13040065","         18504582625.65","     305186","    8236068","         63.16"
"INFY","EQ","27-May-2022","       1423.95","       1443.95","       1467.00","       1437.40","       1466.50","       1461.35","       1451.94","    8284860","         12029156202.15","     213654","    4728826","         57.08"
"INFY","EQ","30-May-2022","       1461.35","       1487.00","       1530.00","       1485.00","       1529.00","       1526.80","       1519.01","   10904213","         16563555827.95","     251321","    7351138","         67.42"
"INFY","EQ","31-May-2022","       1526.80","       1510.70","       1518.00","       1488.15","       1510.00","       1503.60","       1503.66","   16033857","         24109458123.65","     208356","   10278901","         64.11"
"INFY","EQ","01-Jun-2022","       1503.60","       1513.00","       1514.75","       1472.10","       1487.00","       1478.55","       1491.29","    8738508","         13031629592.15","     250909","    5418165","         62.00"
"INFY","EQ","02-Jun-2022","       1478.55","       1484.00","       1513.85","       1475.60","       1508.00","       1508.00","       1497.25","    7205840","         10788940908.75","     181247","    4429957","         61.48"
"INFY","EQ","03-Jun-2022","       1508.00","       1524.90","       1555.00","       1518.00","       1522.75","       1521.70","       1540.73","    9395707","         14476219586.75","     214669","    5566374","         59.24"
"INFY","EQ","06-Jun-2022","       1521.70","       1516.00","       1536.60","       1493.00","       1531.00","       1530.05","       1518.42","    6624883","         10059323384.50","     210472","    4058647","         61.26"
"INFY","EQ","07-Jun-2022","       1530.05","       1519.85","       1519.85","       1502.60","       1506.60","       1506.70","       1509.44","    4904592","          7403178927.00","     126118","    3134730","         63.91"
"INFY","EQ","08-Jun-2022","       1506.70","       1520.20","       1520.20","       1492.00","       1498.50","       1500.00","       1502.54","    4697608","          7058362387.95","     170475","    2824244","         60.12"
"INFY","EQ","09-Jun-2022","       1500.00","       1485.00","       1516.95","       1481.50","       1514.50","       1515.00","       1504.92","    4361061","          6563050773.85","     145083","    2587777","         59.34"
"INFY","EQ","10-Jun-2022","       1515.00","       1486.10","       1493.95","       1473.60","       1475.00","       1476.80","       1482.27","    6516436","          9659116721.85","     234283","    4421702","         67.85"
"INFY","EQ","13-Jun-2022","       1476.80","       1443.60","       1443.60","       1411.70","       1428.85","       1424.50","       1426.23","    6987685","          9966035592.45","     327403","    4712888","         67.45"
"INFY","EQ","14-Jun-2022","       1424.50","       1410.00","       1448.90","       1403.15","       1440.95","       1440.55","       1437.63","    6090247","          8755549345.35","     201978","    3990459","         65.52"
"INFY","EQ","15-Jun-2022","       1440.55","       1440.20","       1446.40","       1418.85","       1421.30","       1422.20","       1430.55","    4651958","          6654855561.25","     150561","    2806543","         60.33"
"INFY","EQ","16-Jun-2022","       1422.20","       1438.00","       1443.75","       1392.00","       1398.25","       1397.20","       1410.57","    6641772","          9368700309.05","     286168","    4286299","         64.54"
"INFY","EQ","17-Jun-2022","       1397.20","       1391.05","       1396.95","       1367.15","       1394.85","       1387.30","       1384.61","    9692047","         13419695918.45","     405928","    6114925","         63.09"
"INFY","EQ","20-Jun-2022","       1387.30","       1390.05","       1422.35","       1382.00","       1418.55","       1414.15","       1403.98","    4595194","          6451550707.85","     143018","    2572187","         55.98"
"INFY","EQ","21-Jun-2022","       1414.15","       1424.00","       1456.00","       1422.75","       1448.90","       1449.90","       1446.99","    6270787","          9073788040.65","     191713","    4225211","         67.38"
"INFY","EQ","22-Jun-2022","       1449.90","       1436.05","       1459.60","       1435.00","       1436.90","       1437.25","       1445.29","    6253366","          9037920246.75","     172406","    3610368","         57.73"
"INFY","EQ","23-Jun-2022","       1437.25","       1439.80","       1458.00","       1433.00","       1457.90","       1452.45","       1446.47","    6254281","          9046655357.50","     196616","    2577092","         57.64"
"INFY","EQ","24-Jun-2022","       1452.45","       1458.00","       1467.50","       1428.90","       1441.30","       1441.10","       1442.06","    6114340","          8817269189.35","     260872","    3370353","         55.12"
"INFY","EQ","27-Jun-2022","       1441.10","       1468.05","       1484.00","       1465.15","       1476.65","       1474.60","       1476.34","    4511097","          6659914554.25","     188158","    2644348","         58.62"
"INFY","EQ","28-Jun-2022","       1474.60","       1469.00","       1488.25","       1453.00","       1486.00","       1480.15","       1468.85","    4412178","          6480818446.05","     143516","    2856516","         64.74"
"INFY","EQ","29-Jun-2022","       1480.15","       1464.70","       1477.00","       1457.00","       1464.00","       1463.25","       1468.07","    5060038","          7428509395.50","     143914","    3907677","         77.23"
"INFY","EQ","30-Jun-2022","       1463.25","       1465.05","       1482.00","       1455.00","       1459.50","       1461.90","       1465.35","    9165177","         13430202954.15","     237326","    5769830","         62.95"
"INFY","EQ","01-Jul-2022","       1461.90","       1454.00","       1485.00","       1442.35","       1481.00","       1479.40","       1461.94","    4651635","          6800417469.70","     177961","    2586263","         55.60"
"INFY","EQ","04-Jul-2022","       1479.40","       1480.25","       1492.25","       1462.00","       1486.60","       1488.00","       1478.79","    4800224","          7098545533.35","     220885","    3073970","         64.04"
"INFY","EQ","05-Jul-2022","       1488.00","       1498.80","       1509.95","       1472.00","       1476.90","       1475.95","       1495.61","    7379669","         11037088108.20","     249546","    5105329","         69.18"
"INFY","EQ","06-Jul-2022","       1475.95","       1482.20","       1500.00","       1470.00","       1491.90","       1491.65","       1485.98","    5209162","          7740736357.50","     156085","    3161700","         60.69"
"INFY","EQ","07-Jul-2022","       1491.65","       1503.05","       1513.95","       1495.70","       1497.85","       1498.70","       1503.51","    3323472","          4996860163.10","     121073","    1937247","         58.29"
"INFY","EQ","08-Jul-2022","       1498.70","       1515.00","       1516.95","       1499.95","       1515.00","       1514.45","       1508.56","    3652582","          5510122803.55","     155962","    2467042","         67.54"
"INFY","EQ","11-Jul-2022","       1514.45","       1495.00","       1499.90","       1466.40","       1470.50","       1473.15","       1474.75","    4702815","          6935483773.75","     188382","    2856326","         60.74"
"INFY","EQ","12-Jul-2022","       1473.15","       1461.80","       1468.60","       1436.00","       1437.05","       1438.60","       1450.62","    4710356","          6832944704.15","     181598","    3012822","         63.96"
"INFY","EQ","13-Jul-2022","       1438.60","       1450.00","       1460.00","       1438.60","       1447.90","       1444.45","       1447.72","    5264025","          7620819405.90","     147896","    3532089","         67.10"
"INFY","EQ","14-Jul-2022","       1444.45","       1451.00","       1452.95","       1414.00","       1433.00","       1428.85","       1434.46","    6157606","          8832840289.85","     144148","    3938343","         63.96"
"INFY","EQ","15-Jul-2022","       1428.85","       1446.00","       1446.00","       1410.65","       1434.85","       1430.35","       1424.89","    5620018","          8007893440.15","     170216","    3549456","         63.16"
"INFY","EQ","18-Jul-2022","       1430.35","       1450.00","       1493.60","       1448.05","       1490.70","       1489.90","       1481.63","    5835171","          8645565248.80","     162450","    3026158","         51.86"
"INFY","EQ","19-Jul-2022","       1489.90","       1471.55","       1486.85","       1470.10","       1483.80","       1484.15","       1478.79","    3418540","          5055304449.00","     114499","    1881917","         55.05"
"INFY","EQ","20-Jul-2022","       1484.15","       1501.25","       1525.80","       1500.00","       1512.00","       1515.30","       1515.63","    5079392","          7698482417.20","     158381","    3115026","         61.33"
"INFY","EQ","21-Jul-2022","       1515.30","       1517.00","       1535.45","       1503.10","       1532.00","       1532.90","       1527.42","    5008061","          7649415941.05","     157115","    2912634","         58.16"
"INFY","EQ","22-Jul-2022","       1532.90","       1534.00","       1540.00","       1492.15","       1506.00","       1506.30","       1507.60","    7020642","         10584325682.30","     215051","    3986383","         56.78"
"INFY","BL","25-Jul-2022","       1665.15","       1506.30","       1506.30","       1506.30","       1506.30","       1506.30","       1506.30","    4551385","          6855751225.50","          1","-","-"
"INFY","EQ","25-Jul-2022","       1506.30","       1480.10","       1517.15","       1480.10","       1502.00","       1503.60","       1500.15","    7859626","         11790653830.55","     212233","    4086661","         52.00"
"INFY","EQ","26-Jul-2022","       1503.60","       1496.65","       1496.65","       1445.00","       1450.85","       1451.15","       1461.09","    7268273","         10619587082.45","     265599","    4016496","         55.26"
"INFY","EQ","27-Jul-2022","       1451.15","       1451.00","       1473.00","       1445.00","       1468.20","       1471.05","       1460.89","    4517285","          6599237909.60","     160787","    2681133","         59.35"
"INFY","EQ","28-Jul-2022","       1471.05","       1496.40","       1524.45","       1489.85","       1517.20","       1517.40","       1511.74","    6636841","         10033186128.90","     252053","    3810803","         57.42"
"INFY","EQ","29-Jul-2022","       1517.40","       1532.80","       1555.70","       1528.00","       1546.00","       1549.70","       1547.25","    7009465","         10845376720.40","     246805","    4342842","         61.96"
"INFY","EQ","01-Aug-2022","       1549.70","       1564.00","       1564.00","       1537.90","       1551.50","       1551.05","       1550.21","    2983249","          4624672839.80","     149288","    1750031","         58.66"
"INFY","EQ","02-Aug-2022","       1551.05","       1546.55","       1547.00","       1528.35","       1539.90","       1543.60","       1538.18","    4374635","          6728992376.10","     171243","    2572133","         58.80"
"INFY","EQ","03-Aug-2022","       1543.60","       1549.00","       1570.00","       1539.90","       1569.90","       1566.10","       1558.25","    6011955","          9368113437.55","     188692","    3820039","         63.54"
"INFY","EQ","04-Aug-2022","       1566.10","       1587.50","       1603.85","       1574.95","       1599.05","       1599.90","       1593.76","    7402209","         11797374600.35","     237197","    4145082","         56.00"
"INFY","EQ","05-Aug-2022","       1599.90","       1608.40","       1625.70","       1602.30","       1617.00","       1616.65","       1616.48","    5361971","          8667507626.50","     175709","    3561833","         66.43"
"INFY","BL","08-Aug-2022","       1506.30","       1616.65","       1616.65","       1616.65","       1616.65","       1616.65","       1616.65","    4551387","          7357999793.55","          1","-","-"
"INFY","EQ","08-Aug-2022","       1616.65","       1617.00","       1622.00","       1596.00","       1617.05","       1619.40","       1609.77","    3763409","          6058238545.70","     169613","    2112134","         56.12"
"INFY","EQ","10-Aug-2022","       1619.40","       1621.20","       1621.20","       1588.10","       1600.00","       1602.45","       1599.27","    4423829","          7074914444.10","     155928","    2443115","         55.23"
"INFY","EQ","11-Aug-2022","       1602.45","       1630.00","       1631.35","       1616.00","       1619.00","       1619.95","       1621.28","    3462090","          5613033930.80","     130406","    2039456","         58.91"
"INFY","EQ","12-Aug-2022","       1619.95","       1613.30","       1614.00","       1590.15","       1593.75","       1594.10","       1598.82","    3562286","          5695442291.90","     151120","    2323110","         65.21"
"INFY","EQ","16-Aug-2022","       1594.10","       1609.00","       1609.00","       1591.10","       1595.00","       1596.45","       1598.37","    3004430","          4802176270.65","     116646","    2004898","         66.73"
"INFY","EQ","17-Aug-2022","       1596.45","       1596.45","       1612.00","       1585.00","       1607.20","       1606.25","       1602.88","    4067324","          6519451947.60","     139693","    2278315","         56.02"
"INFY","EQ","18-Aug-2022","       1606.25","       1594.10","       1598.20","       1574.00","       1585.00","       1582.95","       1583.57","    4635706","          7340980025.95","     151600","    2914298","         62.87"
"INFY","EQ","19-Aug-2022","       1582.95","       1585.30","       1604.90","       1585.10","       1591.00","       1597.10","       1596.83","    4739884","          7568803663.40","     163412","    2477938","         52.28"
"INFY","EQ","22-Aug-2022","       1597.10","       1586.00","       1599.00","       1574.00","       1577.00","       1575.65","       1586.15","    3950555","          6266191900.90","     108149","    2565726","         64.95"
"INFY","EQ","23-Aug-2022","       1575.65","       1548.00","       1554.50","       1533.00","       1548.20","       1542.40","       1542.45","    5551574","          8563038003.90","     205150","    3176755","         57.22"
"INFY","EQ","24-Aug-2022","       1542.40","       1535.00","       1546.00","       1531.00","       1538.00","       1537.50","       1538.48","    2888426","          4443785545.05","     154990","    1701606","         58.91"
"INFY","EQ","25-Aug-2022","       1537.50","       1548.00","       1548.70","       1513.75","       1520.00","       1518.15","       1532.79","    4331088","          6638650734.65","     167891","    2604870","         60.14"
"INFY","EQ","26-Aug-2022","       1518.15","       1535.15","       1544.95","       1517.45","       1526.80","       1521.55","       1530.22","    3079136","          4711766478.45","     101529","    1722219","         55.93"
"INFY","EQ","29-Aug-2022","       1521.55","       1468.55","       1468.55","       1450.00","       1463.50","       1461.75","       1458.38","    8079050","         11782306780.85","     361066","    5224496","         64.67"
"INFY","EQ","30-Aug-2022","       1461.75","       1473.10","       1496.10","       1466.00","       1489.90","       1492.95","       1485.72","    6725875","          9992739411.25","     185187","    4053627","         60.27"
"INFY","EQ","01-Sep-2022","       1492.95","       1460.05","       1468.10","       1451.05","       1467.00","       1464.20","       1460.62","    8140604","         11890304297.90","     319918","    5886083","         72.31"
"INFY","EQ","02-Sep-2022","       1464.20","       1478.00","       1478.00","       1448.00","       1452.95","       1453.00","       1456.40","    5175653","          7537834806.45","     199570","    3067071","         59.26"
"INFY","EQ","05-Sep-2022","       1453.00","       1451.00","       1467.00","       1446.35","       1461.25","       1461.30","       1459.87","    3669352","          5356763254.65","     133172","    2344738","         63.90"
"INFY","EQ","06-Sep-2022","       1461.30","       1461.30","       1470.00","       1445.45","       1456.65","       1455.10","       1456.32","    3428442","          4992913121.30","     129028","    2036640","         59.40"
"INFY","EQ","07-Sep-2022","       1455.10","       1440.00","       1465.75","       1438.05","       1462.00","       1457.65","       1453.03","    3600574","          5231731491.10","     137578","    1812558","         50.34"
"INFY","EQ","08-Sep-2022","       1457.65","       1475.00","       1481.10","       1463.60","       1475.05","       1475.90","       1473.40","    4061475","          5984186689.80","     147100","    2350228","         57.87"
"INFY","EQ","09-Sep-2022","       1475.90","       1488.00","       1520.00","       1480.00","       1512.00","       1511.65","       1499.38","    4816910","          7222390189.10","     157963","    2629475","         54.59"
"INFY","EQ","12-Sep-2022","       1511.65","       1525.80","       1545.90","       1521.15","       1534.40","       1536.20","       1538.61","    5494819","          8454360840.70","     157389","    3472880","         63.20"
"INFY","EQ","13-Sep-2022","       1536.20","       1551.90","       1553.00","       1541.30","       1545.00","       1544.95","       1547.66","    4947158","          7656540764.10","     113762","    3303570","         66.78"
"INFY","EQ","14-Sep-2022","       1544.95","       1497.00","       1498.95","       1472.00","       1475.00","       1475.40","       1480.69","   14332197","         21221602847.55","     431674","    8873219","         61.91"
"INFY","EQ","15-Sep-2022","       1475.40","       1475.00","       1475.20","       1429.05","       1432.00","       1432.80","       1442.26","   12784100","         18438008294.00","     502967","    8079385","         63.20"
"INFY","EQ","16-Sep-2022","       1432.80","       1425.00","       1425.00","       1368.35","       1377.00","       1377.05","       1388.01","   20464045","         28404270084.50","     603746","   12404429","         60.62"
"INFY","EQ","19-Sep-2022","       1377.05","       1392.00","       1406.00","       1380.60","       1391.20","       1390.30","       1392.54","    6595241","          9184142465.45","     234193","    3643053","         55.24"
"INFY","EQ","20-Sep-2022","       1390.30","       1407.95","       1413.55","       1385.10","       1388.00","       1388.55","       1399.75","    7219797","         10105898809.35","     212073","    4573076","         63.34"
"INFY","EQ","21-Sep-2022","       1388.55","       1379.90","       1388.80","       1368.40","       1380.40","       1377.25","       1378.58","    7917054","         10914326538.00","     304433","    4918936","         62.13"
"INFY","EQ","22-Sep-2022","       1377.25","       1366.35","       1383.95","       1360.00","       1368.00","       1367.95","       1371.40","    9168498","         12573695052.50","     289781","    6369324","         69.47"
"INFY","EQ","23-Sep-2022","       1367.95","       1367.50","       1394.80","       1362.00","       1367.95","       1365.45","       1377.01","   10426200","         14357016787.70","     306005","    6033837","         57.87"
"INFY","EQ","26-Sep-2022","       1365.45","       1360.00","       1399.45","       1355.00","       1383.00","       1380.25","       1380.76","    9414587","         12999291293.20","     283295","    4801178","         51.00"
"INFY","EQ","27-Sep-2022","       1380.25","       1393.45","       1406.50","       1378.00","       1398.25","       1393.55","       1393.26","    8561254","         11928032958.80","     234333","    4635426","         65.03"
"INFY","EQ","28-Sep-2022","       1393.55","       1379.00","       1405.85","       1377.00","       1394.45","       1394.70","       1396.79","    7022098","          9808375442.85","     235532","    4802889","         68.40"
"INFY","EQ","29-Sep-2022","       1394.70","       1404.90","       1409.85","       1393.00","       1401.50","       1398.65","       1399.14","    6119965","          8562686107.45","     189378","    4347261","         71.03"
"INFY","EQ","30-Sep-2022","       1398.65","       1388.95","       1419.30","       1376.00","       1413.80","       1413.45","       1399.71","    8120130","         11365839916.45","     235225","    5072307","         62.47"
"INFY","BL","03-Oct-2022","       1616.65","       1413.45","       1413.45","       1413.45","       1413.45","       1413.45","       1413.45","    4255566","          6015029762.70","          1","-","-"
"INFY","EQ","03-Oct-2022","       1413.45","       1412.00","       1412.00","       1386.00","       1393.75","       1393.75","       1398.82","    4943169","          6914590029.80","     164361","    2890909","         58.48"
"INFY","EQ","04-Oct-2022","       1393.75","       1419.70","       1432.25","       1414.00","       1428.00","       1429.40","       1426.65","    6631341","          9460607735.95","     165041","    4239879","         63.94"
"INFY","EQ","06-Oct-2022","       1429.40","       1445.00","       1459.80","       1444.10","       1454.00","       1455.15","       1453.30","    6180672","          8982353045.35","     186110","    4257208","         68.88"
"INFY","EQ","07-Oct-2022","       1455.15","       1446.35","       1457.85","       1440.15","       1452.00","       1451.20","       1449.16","    3994466","          5788640009.75","     163553","    2504702","         62.70"
"INFY","EQ","10-Oct-2022","       1451.20","       1426.35","       1465.00","       1426.35","       1465.00","       1462.65","       1449.12","    5274677","          7643648786.60","     202762","    3428076","         64.99"
"INFY","EQ","11-Oct-2022","       1462.65","       1462.65","       1479.65","       1420.10","       1425.00","       1423.80","       1450.42","   12824774","         18601299291.80","     357001","    7613537","         59.37"
"INFY","EQ","12-Oct-2022","       1423.80","       1437.00","       1441.10","       1413.55","       1430.00","       1428.70","       1430.73","    5481467","          7842489842.80","     161320","    3246449","         59.23"
"INFY","EQ","13-Oct-2022","       1428.70","       1431.00","       1437.95","       1415.00","       1422.00","       1419.90","       1423.15","    4821514","          6861725912.15","     137929","    3000082","         62.22"
"INFY","EQ","14-Oct-2022","       1419.90","       1485.00","       1494.00","       1467.25","       1477.00","       1474.25","       1480.83","   14990688","         22198728911.80","     388421","    6427583","         42.88"
"INFY","EQ","17-Oct-2022","       1474.25","       1476.90","       1495.00","       1475.50","       1491.00","       1489.95","       1488.47","    4286396","          6380187690.05","     176595","    2150807","         50.18"
"INFY","EQ","18-Oct-2022","       1489.95","       1510.00","       1510.95","       1497.25","       1504.00","       1503.70","       1503.95","    4692004","          7056526673.60","     119660","    2634690","         56.15"
"INFY","EQ","19-Oct-2022","       1503.70","       1504.00","       1504.95","       1481.30","       1488.00","       1485.45","       1489.02","    3553171","          5290752776.40","     112770","    1890043","         53.19"
"INFY","EQ","20-Oct-2022","       1485.45","       1475.00","       1504.00","       1474.20","       1501.35","       1500.90","       1496.10","    4583939","          6858028457.00","     140049","    2901475","         63.30"
"INFY","EQ","21-Oct-2022","       1500.90","       1500.30","       1506.00","       1491.35","       1500.60","       1500.50","       1499.85","    3594485","          5391188978.50","      98291","    1531306","         61.46"
"INFY","EQ","24-Oct-2022","       1500.50","       1518.50","       1521.80","       1511.00","       1518.20","       1517.85","       1518.55","     982837","          1492489542.85","      56514","     635594","         64.67"
"INFY","EQ","25-Oct-2022","       1517.85","       1528.10","       1532.90","       1521.05","       1526.00","       1526.30","       1526.88","    3914341","          5976717984.90","     119608","    2565830","         65.55"
"INFY","EQ","27-Oct-2022","       1526.30","       1530.80","       1534.90","       1512.50","       1525.55","       1523.95","       1523.65","    6760137","         10300114909.65","     168640","    4368210","         64.62"
"INFY","EQ","28-Oct-2022","       1523.95","       1526.00","       1527.95","       1507.00","       1512.50","       1513.25","       1515.77","    3053981","          4629123565.05","     147417","    1388345","         67.72"
"INFY","EQ","31-Oct-2022","       1513.25","       1530.25","       1546.40","       1530.25","       1539.25","       1537.65","       1537.80","    4542336","          6985210435.60","     136286","    2526360","         55.62"
"INFY","EQ","01-Nov-2022","       1537.65","       1553.05","       1575.00","       1547.10","       1572.00","       1573.00","       1561.63","    4542692","          7094018928.95","     158171","    2715922","         59.79"
"INFY","EQ","02-Nov-2022","       1573.00","       1572.00","       1572.75","       1545.00","       1553.05","       1553.30","       1553.19","    2938906","          4564665624.40","     116831","    1625301","         55.30"
"INFY","BL","03-Nov-2022","       1413.45","       1553.30","       1553.30","       1553.30","       1553.30","       1553.30","       1553.30","    4849687","          7533018817.10","          1","-","-"
"INFY","EQ","03-Nov-2022","       1553.30","       1538.75","       1543.90","       1521.65","       1530.80","       1530.75","       1531.83","    3174027","          4862085395.75","     131708","    1673434","         52.72"
"INFY","EQ","04-Nov-2022","       1530.75","       1520.45","       1520.45","       1501.15","       1516.00","       1514.00","       1509.47","    4509682","          6807247315.10","     155259","    2356424","         52.25"
"INFY","EQ","07-Nov-2022","       1514.00","       1521.40","       1527.90","       1491.10","       1507.00","       1507.45","       1506.07","    4898592","          7377630657.10","     175332","    2938456","         59.99"
"INFY","EQ","09-Nov-2022","       1507.45","       1529.00","       1529.00","       1501.10","       1509.60","       1511.20","       1515.75","    3334755","          5054651934.85","     101945","    1845609","         55.34"
"INFY","EQ","10-Nov-2022","       1511.20","       1485.00","       1512.00","       1485.00","       1503.00","       1501.95","       1501.42","    3435763","          5158511137.70","     114576","    1995097","         58.07"
"INFY","EQ","11-Nov-2022","       1501.95","       1546.65","       1573.50","       1546.65","       1570.70","       1570.10","       1563.49","    7214098","         11279201381.35","     233749","    4255303","         58.99"
"INFY","EQ","14-Nov-2022","       1570.10","       1575.15","       1591.40","       1568.45","       1582.00","       1585.30","       1583.45","    4908813","          7772857521.60","     134054","    3045948","         62.05"
"INFY","EQ","15-Nov-2022","       1585.30","       1577.85","       1597.85","       1572.75","       1596.00","       1594.00","       1585.55","    3497614","          5545624935.75","     122547","    2390003","         68.33"
"INFY","EQ","16-Nov-2022","       1594.00","       1597.15","       1609.00","       1593.50","       1601.00","       1602.80","       1602.60","    4497697","          7208007205.85","     176176","    2283281","         64.59"
"INFY","EQ","17-Nov-2022","       1602.80","       1597.20","       1602.80","       1582.95","       1585.60","       1587.40","       1592.58","    3469515","          5525464430.50","     107072","    2230119","         64.28"
"INFY","EQ","18-Nov-2022","       1587.40","       1591.70","       1598.00","       1575.50","       1594.40","       1593.40","       1586.37","    3126064","          4959081574.45","     123526","    1930218","         61.75"
"INFY","EQ","21-Nov-2022","       1593.40","       1582.10","       1587.85","       1564.05","       1567.00","       1568.20","       1571.24","    3071764","          4826480055.75","     127843","    1989342","         64.76"
"INFY","EQ","22-Nov-2022","       1568.20","       1569.00","       1588.00","       1562.00","       1586.90","       1585.05","       1576.03","    3399329","          5357454857.50","     132533","    2451044","         72.10"
"INFY","EQ","23-Nov-2022","       1585.05","       1588.90","       1592.00","       1579.30","       1582.55","       1583.15","       1585.17","    3245067","          5143987144.95","      99116","    2167879","         66.81"
"INFY","EQ","24-Nov-2022","       1583.15","       1589.00","       1636.00","       1584.75","       1635.00","       1629.80","       1614.88","    5282215","          8530167324.35","     154105","    3050333","         57.75"
"INFY","EQ","25-Nov-2022","       1629.80","       1631.40","       1644.00","       1613.80","       1630.05","       1635.65","       1627.35","    4563255","          7426019017.25","     181147","    2585653","         56.66"
"INFY","EQ","28-Nov-2022","       1635.65","       1628.00","       1653.50","       1620.00","       1621.20","       1623.40","       1637.55","    3825766","          6264902015.65","     144926","    2086038","         54.53"
"INFY","EQ","29-Nov-2022","       1623.40","       1621.20","       1638.75","       1615.05","       1626.80","       1629.05","       1627.46","    3131710","          5096717761.50","     116838","    1733630","         55.36"
"INFY","EQ","30-Nov-2022","       1629.05","       1619.95","       1645.75","       1613.15","       1639.00","       1634.95","       1630.66","   11868134","         19352938429.15","     157980","    7845626","         66.11"
"INFY","EQ","01-Dec-2022","       1634.95","       1656.20","       1672.60","       1652.30","       1655.75","       1657.10","       1660.59","    5407928","          8980336641.45","     214832","    2911901","         53.85"
"INFY","EQ","02-Dec-2022","       1657.10","       1656.00","       1661.80","       1633.95","       1640.95","       1637.90","       1642.69","    4283343","          7036188257.60","     144010","    2883697","         67.32"
"INFY","EQ","05-Dec-2022","       1637.90","       1638.00","       1644.85","       1623.30","       1638.65","       1639.75","       1634.50","    3824966","          6251921099.20","     133011","    2527285","         66.07"
"INFY","EQ","06-Dec-2022","       1639.75","       1625.00","       1626.00","       1607.55","       1614.00","       1612.90","       1614.65","    4822398","          7786470439.30","     162481","    3140900","         65.13"
"INFY","EQ","07-Dec-2022","       1612.90","       1608.00","       1623.80","       1596.70","       1602.00","       1605.50","       1612.56","    4898087","          7898460952.45","     150548","    3042096","         62.11"
"INFY","EQ","08-Dec-2022","       1605.50","       1605.50","       1623.90","       1598.50","       1619.50","       1620.15","       1611.67","    4206837","          6780022875.80","     156038","    2885575","         68.59"
"INFY","EQ","09-Dec-2022","       1620.15","       1628.00","       1628.00","       1561.10","       1570.20","       1569.30","       1581.54","    8880658","         14045108335.70","     324427","    5884957","         66.27"
"INFY","EQ","12-Dec-2022","       1569.30","       1550.00","       1565.95","       1530.05","       1545.20","       1547.20","       1545.76","    8037679","         12424327971.90","     252048","    4932699","         61.37"
"INFY","EQ","13-Dec-2022","       1547.20","       1547.20","       1577.50","       1541.15","       1571.00","       1572.15","       1563.52","    6135067","          9592274371.70","     156994","    3687457","         60.10"
"INFY","EQ","14-Dec-2022","       1572.15","       1582.00","       1588.50","       1573.00","       1574.00","       1579.40","       1581.49","    4976020","          7869515572.65","     143293","    3413371","         68.60"
"INFY","EQ","15-Dec-2022","       1579.40","       1569.30","       1570.00","       1535.25","       1539.95","       1540.50","       1549.15","    6443866","          9982526579.70","     185365","    4484423","         69.59"
"INFY","EQ","16-Dec-2022","       1540.50","       1525.00","       1549.50","       1512.05","       1521.50","       1522.20","       1526.77","    9630453","         14703523653.25","     191749","    5420140","         56.28"
"INFY","EQ","19-Dec-2022","       1522.20","       1507.95","       1516.90","       1495.05","       1510.00","       1507.35","       1507.63","    6222740","          9381570380.60","     208003","    3934980","         63.24"
"INFY","EQ","20-Dec-2022","       1507.35","       1501.00","       1516.00","       1482.45","       1505.90","       1507.30","       1499.43","    7396259","         11090163957.45","     252252","    4595686","         62.14"
"INFY","EQ","21-Dec-2022","       1507.30","       1515.00","       1521.00","       1502.35","       1512.10","       1509.55","       1511.41","    6236361","          9425717455.45","     168630","    4044708","         64.86"
"INFY","EQ","22-Dec-2022","       1509.55","       1521.50","       1529.95","       1511.75","       1518.00","       1522.05","       1521.35","    6302640","          9588515437.25","     162243","    3744916","         59.42"
"INFY","EQ","23-Dec-2022","       1522.05","       1508.70","       1509.90","       1493.00","       1498.30","       1497.10","       1501.85","    6283822","          9437376869.85","     209853","    4097699","         65.21"
"INFY","EQ","26-Dec-2022","       1497.10","       1500.50","       1509.90","       1496.35","       1500.35","       1502.40","       1504.05","    4115459","          6189868085.40","     128273","    2817731","         68.47"
"INFY","EQ","27-Dec-2022","       1502.40","       1509.95","       1521.45","       1497.50","       1516.40","       1514.85","       1509.99","    4860076","          7338689836.70","     151234","    3575077","         73.56"
"INFY","EQ","28-Dec-2022","       1514.85","       1505.10","       1524.95","       1498.50","       1510.00","       1510.15","       1510.98","    5029860","          7600016720.25","     138568","    3181202","         63.25"
"INFY","EQ","29-Dec-2022","       1510.15","       1504.00","       1521.30","       1501.00","       1519.00","       1517.55","       1511.51","    4624745","          6990342622.05","     116090","    3061244","         66.19"
"INFY","EQ","30-Dec-2022","       1517.55","       1528.00","       1530.40","       1504.05","       1508.60","       1508.20","       1518.27","    5060544","          7683272019.95","     123954","    3433267","         67.84"
